,0,1,2,3,4,5,6,7,8,9,10,11,12,13,14
0,Pcp4,Ndn,Mef2c,C1ql3,Pex5l,Nap1l5,Calb1,Tshz2,Gm42418,Gria2,C1qb,Olig1,Car2,Ly6a,Ndnf
1,3110035E14Rik,Ubb,Epha4,Rasl10a,Pou3f1,Slc1a2,Fkbp1a,Lypd1,Actb,Snhg11,C1qa,Olig2,Apoe,Flt1,Reln
2,Ttc9b,Uchl1,Nrn1,Enc1,Rab3c,Rcan2,Nectin3,Cbln2,Calm2,Malat1,C1qc,Ptprz1,Dbi,Cldn5,Cacna2d2
3,Garnl3,Tuba1a,Nrsn1,Dgkb,Bcl11b,Serpini1,Gabra2,Myl4,Ubb,Ttc14,Cst3,C1ql1,Qk,Pltp,Ramp1
4,Rprm,Hsp90ab1,Atp1b2,Galnt14,Lamp5,Nxph3,Bhlhe22,Etv1,Ckb,Ptprd,Trem2,S100a16,Zbtb20,Klf2,H3f3b
5,Tle4,Gapdh,Cnr1,Tesc,Ppfia2,Elavl2,Cux2,Htr2c,Ppia,Kcnq1ot1,Selenop,Bcan,Csrp1,Ly6c1,Msi2
6,Trbc2,Slc25a4,Fat3,Nptxr,Gabra2,Etl4,Alcam,Il11ra1,Uchl1,Meg3,Hexb,S100a1,Cmtm5,Itm2a,Rpl13
7,Rnf152,Hsp90aa1,Lmo4,Cck,Ntng1,Pak1,2900055J20Rik,Neto2,Stmn1,mt-Co2,Csf1r,Gpr37l1,Tsc22d4,Bsg,Rps14
8,Rph3a,Mdh1,Vstm2l,Tsc22d1,Dner,Ncam1,Camk2n1,Nrsn2,Slc25a4,Nktr,Ctss,Pdgfra,S100a16,Slc2a1,Rps3
9,Efhd2,Slc25a3,Kcnq3,Nell2,Igfbp4,Rab3b,Itpka,Efr3a,Tmsb4x,mt-Atp6,Tyrobp,Apoe,Myo6,Hspb1,Rps19
10,Slc1a2,Itm2b,Camk2n1,Nnat,Timp2,Ctgf,Pea15a,Olfm3,Eif4a2,Pnisr,Sparc,Gpr17,Ptn,Epas1,Rps23
11,Ccdc12,Rwdd2a,Syt4,Ptprt,Lypd1,Sulf2,Igfbp6,Nap1l5,Tpt1,Luc7l3,Ctsd,Dbi,Fgfr2,Ptprb,Rps5
12,Col12a1,Gnas,Slc24a3,Olfm1,Opcml,Olfm3,Wfs1,Adcy2,Ndufa4,Luc7l2,Cx3cr1,Serpine2,Hepacam,Adgrl4,Rps9
13,Tbr1,Tubb2a,Fam19a1,Tpm1,Sphkap,Tmsb10,Rasgrf2,Vwc2l,Vsnl1,mt-Nd2,Laptm5,Matn4,Slc6a1,Slco1a4,Rpl18a
14,Hs3st4,Crym,Foxp1,Mgat5,Fam126a,Nrip3,Gucy1a1,Marcks,Cox4i1,R3hdm1,P2ry12,Cspg4,Glul,Igfbp7,Rplp0
15,Snap25,Tusc3,Kcnab1,Vegfd,Tmem47,Shisa6,Ablim2,Camk2d,Rps24,mt-Nd5,Fcer1g,Vcan,Daam2,Egfl7,Rps4x
16,Foxp2,Cyr61,Syn2,Trp53i11,Prkcg,Cdh13,Tesc,Vstm2a,Eef1a1,Fus,Selplg,Rgcc,Cnp,Selenop,Fau
17,Calm2,Tecr,Syn1,Thra,Chn1,Srcin1,Rilpl1,Slc17a6,Ywhae,mt-Co3,Gpr34,Lhfpl3,Cd63,Prom1,Rpl26
18,Ccl27a,Ifi27,Car10,Bmp3,Bhlhe40,Zcchc12,Lamp5,Trp53i11,Pgam1,mt-Nd4,Lgmn,Arhgap31,Olig1,Cdh5,Rps27a
19,Sema5a,Mdh2,Cck,Ptprk,Cdk17,Impact,Acvr1c,Pid1,Aldoa,mt-Nd3,Tmem119,Ednrb,Slc1a3,Slco1c1,Rpl7a
20,Ipcef1,Tagln3,Hrh3,Rxfp1,Slc4a10,Cd47,Ube2e3,Dner,Snca,Rbm25,Tgfbr1,Ptn,Pla2g16,Eng,Rps3a1
21,Plcb4,Itm2c,Stxbp1,Opcml,Cacna2d3,Lmo3,Smarca2,Snhg11,Itm2b,Miat,Zfp36,Pllp,Scd2,Apold1,Rpl3
22,Lmo1,Ldhb,R3hdm1,Sh3bgrl3,Stxbp6,Phyhipl,Kctd1,Plcxd2,Rps10,Gria3,Rgs10,Zbtb20,Trf,Abcb1a,Eef1a1
23,Pitpnc1,Actg1,Rimbp2,Igfbp6,Meg3,Rai14,Ppp3ca,Prkca,Hspa8,mt-Co1,Siglech,S100a13,Mbp,Adgrf5,Rpl9
24,Syt6,Aldoa,Robo2,Rgs2,Tiam1,Usp46,Edil3,Selenom,Naca,Celf2,Vsir,Cspg5,Reep3,Klf4,Rack1
25,Nos1ap,Tubb4b,Nr2f1,Sorcs3,Vat1l,Sdk2,Gpr88,Kcnk2,Sub1,Tia1,Itgb5,Qk,Gpr37,Nfkbia,Rps27
26,Rprml,Uqcrc1,Camk2d,Tmsb4x,Crim1,Ddah1,Ppp1r1a,Satb1,Ywhah,mt-Nd1,Ly86,Fabp7,Psat1,Slc6a6,Rpsa
27,Adgra1,Dnaja1,Wls,Zeb2,Ppp1r2,Cd164,Rasl10a,Sec62,Rps3a1,Snrnp70,Fcrls,Atp1a2,Mt1,Ctla2a,Rps24
28,Pbx1,Atp6ap2,Kcnb2,Schip1,Fam19a1,Pitpnc1,Cpne6,Nrsn1,Rab3a,Cttnbp2,H2-K1,Tmem100,Erbin,Fn1,Rps8
29,Pde4d,Dusp1,Ntm,Plxna4,Cadps2,Cldnd1,Btbd3,Kcnip1,Gapdh,Syt7,Epb41l2,Gm2a,Plp1,Gng11,Tubb4b
30,Ramp3,Psmd6,Cpne4,Tenm3,Zfp703,Cdh6,Synpr,Serpini1,Dynll1,Matk,Mafb,Cacng4,Fnbp1,Pecam1,Rps10
31,Ncald,Npas4,Slc2a13,Col6a1,Pcdh8,Mpped1,Smoc2,Rcan2,Pkm,Gm26917,B2m,Epn2,Gatm,Ets1,Rpl8
32,Nxph3,Uqcrc2,Fbxw7,Stum,Parm1,Gng12,Fam84a,Rnf152,Calm1,Srcin1,Olfml3,Plp1,Ermn,Ramp2,Zbtb20
33,Lpgat1,Psma4,Rims3,Adcyap1r1,Slc16a2,Glra2,Kctd4,Impact,Myl6,Rsrp1,Cd53,Tnr,Mog,Slc22a8,Rps21
34,Etl4,Atp5b,Pkib,Sema3e,Grik2,Pkp4,Car4,Edil3,Tmsb10,Trank1,Hpgds,Nxph1,Apod,Emcn,Tpt1
35,Nrp1,Ppia,Slc30a3,Camkk1,1190002N15Rik,Frmpd4,Ptprk,Fezf2,Atp5l,Ntrk2,Nfkbia,Zfp36l1,Sept4,Tm4sf1,Rps11
36,Cxcl12,Rtn1,Nptxr,Unc5a,Caln1,Bag1,Pam,Meg3,Clta,Strbp,Cyba,Slc6a1,Cldn11,Ccdc141,Cst3
37,Ndufa4,Stk32c,Gfra2,Auts2,Rapgef5,Arap2,Lrfn5,Bex1,Rps7,Son,Zfhx3,Luzp2,Tmem88b,Ebf1,Rpl10
38,Pdzrn4,Psmb1,Syt1,Wipf3,Fam131a,Slc5a5,Lypd1,Rab27b,Rpl38,Etnk1,Txnip,Gatm,Cryab,Id3,Snhg11
39,Adora1,Hspa8,Slc39a10,Sema3c,Bcl6,Celf4,Gucy1b1,Hlf,Stmn3,Herc1,Kctd12,Gjc3,Mal,Kdr,Rpl35a
40,Nrip3,Psmc2,Cnih3,Cdh13,Pak3,Gap43,Rplp1,6330403K07Rik,Rps4x,Gm47283,Tpt1,Neu4,Kcnj10,Id1,Trp73
41,Diras2,Tubb5,6430548M08Rik,Rhou,Fam135b,Efhd2,Sub1,Grp,Bex2,Adgrb1,Ftl1,Ccnd1,S100a1,Esam,Itm2b
42,Fut9,Tuba1b,Necab1,Kctd4,Syt17,Fut9,Pcdh8,Nxph3,Rprm,Nav2,Rps9,Scrg1,Gjc3,Vwa1,Tmem176b
43,Plxna2,Cct7,Dkkl1,Pea15a,Hcn1,Hs3st4,Lingo2,Zmat4,Ensa,Ogt,Zfp36l2,Plpp3,Selenop,Arhgap31,Rps12
44,Dynll1,Basp1,Hpca,Oprk1,Gria3,Bex3,Cacng3,Unc13b,Pfdn5,Arpp21,Ctsz,S100b,Neat1,H2-D1,Zic1
45,B3gat1,Ndufv1,Nwd2,Pitpnm2,Adamts2,Caln1,Cplx2,Abi3bp,Mdh1,Ahi1,Trf,Pou3f1,Lap3,Utrn,Rpl30
46,Pfn2,Atxn10,Ajap1,Ccdc3,Kcng1,Tle4,Epop,Plcxd3,Tuba1a,Eml5,Unc93b1,Pcdh15,Gstm1,S1pr1,Malat1
47,Stmn1,Fdps,Wnt4,Ppp1r1a,Gm19410,Mctp1,Lpl,Trhr,Gpx4,Hnrnpu,Aif1,Zcchc24,Slain1,Slc7a5,Rpl21
48,Hs3st2,Rraga,AI593442,Srgap3,Sec14l1,Peg3,Cacna2d1,Rtl8a,Pcsk1n,Ank3,Atf3,Tmem176b,Atp1a2,Itga6,Rpl23
49,Lrrtm2,Slc25a5,Rab3c,Gng2,Elmod1,Gnal,Grp,Bcl11b,Atp5h,Unc80,Maf,Sox6,Ppp1r14a,Tagln2,Rpl27a
50,Ccnd2,Got1,Oxr1,Nav1,Ndst3,Vwc2,Nov,Ildr2,Tubb2a,Igsf9b,Zfp36l1,Sox10,Mag,Zfp36l1,Rpl17
51,Gadd45a,Arc,Nsf,Gnb4,Cdh13,Dnm3,BC030499,Lmo3,Cox7a2,Mycbp2,Crybb1,Xylt1,Rnf13,Gng5,Rpl18
52,Kit,Fos,Srgap3,Cnr1,Cacna1h,Dip2a,Chn1,Camk2n2,mt-Co3,Ryr2,Inpp5d,Traf4,Sox2,Sparc,Tubb2b
53,Nfia,Ckb,Galnt17,Amph,Tox,Igf1r,Meis2,Mgat4c,Rpl3,Fnbp1l,Rplp0,Slc1a3,Mobp,Sgms1,Rpl37a
54,Abracl,Cyth2,Lingo1,Npy2r,Cntnap5a,Sv2a,Auts2,Zcchc12,Rps3,Adgrb3,Cd33,Atp6v0e,Clic4,Spock2,Rps29
55,Tmsb10,Caly,Stum,Cdh9,Kcnn2,Wasf3,Ajap1,Rit2,Actg1,Gm42418,Rnase4,Ppp1r14b,Qdpr,Gnai2,Rpl10a
56,Sept3,Cuedc2,Arpp21,Kcnip4,Fras1,Zdhhc2,Megf9,Dclk1,H3f3a,mt-Nd4l,Fau,Itgb8,Gng5,Tek,Rpl14
57,Ubl3,Psmd14,C1ql3,Gpr22,Map2,Sez6,Tsc22d1,Peg3,Rps13,Tra2a,Cd83,Ndrg2,Phldb1,Clec2d,Nhlh2
58,Meis2,Prdx1,Sccpdh,Smarca2,Lingo2,1810037I17Rik,Prex1,Bex3,Capza2,Ubn2,Tgfb1,Serinc5,Pllp,Ifitm3,Calb2
59,Akap7,Atp5c1,Cpne5,Rtn4rl1,Mal2,Tmem130,Necab2,Ssbp2,Dpysl2,Cacna1a,Mylip,Marcks,Enpp2,Fcgrt,Rps16
60,Nrxn3,Pgk1,Rora,Mapk1,Lrrtm4,Bcl11a,Pop5,Marcksl1,Rpl9,Clk1,H2-D1,Caskin2,Josd2,Tjp1,Rps6
61,Tmem178,Atp5f1,Kcna2,Ptprs,Atp1b1,Nrsn2,Trp53i11,Gprasp2,Rps6,Dst,Plek,Sdc3,Ptgds,Ctsh,Rpl37
62,Lmo3,Arpc3,Dlgap1,Gria1,Diaph2,Prss12,Nptxr,Grik1,Cdc42,Grin1,Arpc1b,Cdo1,Map4k4,Zfp36,Marcks
63,Gng12,Txnl1,Nlk,Mmd,Enc1,Ppp1r14c,Man1a,Tspyl4,Atp5b,BC005561,Slco2b1,Mtss1l,Nkx6-2,Rbms1,Lhx1os
64,Atp2b2,Clta,Tcf4,Ptpre,Sorl1,Gm40518,Kcnip2,Chd3os,Pcp4,Krit1,Rps12,Lrp1,Il33,Pglyrp1,Bcl11a
65,Limk1,Ckmt1,Zbtb18,D430019H16Rik,Zbtb18,Chl1,Mapk1,Scai,Rplp2,Phf20l1,Cd300c2,Chd7,Opalin,Nes,Naca
66,Khdrbs3,Taldo1,Slc12a5,Nov,Cdkl4,Fxyd6,Myh7,Sept3,Rpl7,Chka,Pld4,Tril,Htra1,Foxc1,Rpl11
67,Sla,Ppa1,A830036E02Rik,Necab1,Fam84a,Fxyd7,Pkig,Btbd3,Rpl19,Kalrn,Ltc4s,Chst11,Aplp1,B2m,Slc17a6
68,Fxyd7,Sdhb,Ttc3,Gstm1,Syne1,Ndrg3,Kcnh3,Cxxc4,Rpl27a,Egr1,Anxa3,Spry1,Gng11,Vim,Rpl7
69,Rap1gds1,Eno1,Tppp,Slc20a1,Anks1b,Ripor2,Evc2,Dpp6,Rabac1,Sf3b1,Cd81,Mmp15,Ugt8a,Itga1,Rps20
70,Rab26,Rab3b,Fam212b,Unc5c,Id2,Mmp16,Chst1,Grm5,Cox6c,Zfp445,Gng5,Zeb1,Clmn,Podxl,Diablo
71,Ngef,Atp5a1,Rapgef5,Nwd2,Gprc5b,2900011O08Rik,Psd,Ptprt,Rpl18a,Cers4,Cd9,Phldb1,Tspan2,Clic4,Fat3
72,Zfpm2,Fez1,barcode1,Rimbp2,Rab8b,Tspan7,Cdk2ap1,Pcdh17,mt-Atp6,Arglu1,Lair1,Zfp462,Evi2a,Zbtb20,Nr2f2
73,Sept7,Tmem59,Cdh10,2010111I01Rik,Robo2,Tmod1,March1,Mirt1,Cox5a,Scn2a,Ctsh,Tmem176a,Gpm6b,Car4,Ybx1
74,Park7,Gnb2,Dnajc21,Adamts18,Nlgn1,Sec62,Enpp2,Polr2m,Rpl32,mt-Cytb,Spi1,Rpl13,Slc12a2,Sptbn1,Rpl32
75,Tmem196,Calm1,Ccdc85a,Tenm4,Cpne7,Nbdy,Palmd,Ahi1,Ndufc2,Nrcam,Itgam,Tgfa,Limch1,Sema3c,Tnfrsf21
76,Nfib,Stmn2,Bhlhe40,Atp2b4,Ptk2b,Ids,Cck,Pnmal2,Atp5c1,Pabpn1,Sall1,Cd63,Fth1,Heg1,Ptma
77,Ano3,Psmb6,Sphkap,Syn2,Kirrel3,Rap1gds1,Pnmal2,Bcat1,Zwint,Cacna1e,Rrbp1,Fchsd2,Phgdh,Jcad,Btg1
78,Mgat4c,Psma6,Slc6a17,Cpne5,Ldb2,Grem2,Dusp18,Chchd10,Tagln3,Srsf11,Rhob,Cd9,Tmbim1,Timp3,Rpl39
79,Cplx2,Vdac3,Efna5,Pgbd5,Nov,Vopp1,Zbtb18,Tceal9,Cfl1,Pfkp,Ncf1,Gng5,Ndrg1,Mpzl1,Bri3
80,Crym,Atp6v0b,Edil3,Crtac1,Dgkb,Hivep1,Rtn4rl1,Rnd2,Atp6v1d,Unc13a,Mertk,Phlda1,Tmcc3,Abcg2,Pafah1b3
81,Nkiras1,Psmb3,Nyap2,Chst11,Abat,1500009L16Rik,Camkk1,Atp2a2,Rps25,Mir124a-1hg,Fcgr3,Cd81,Micall1,Foxq1,Rpl24
82,Pcdh9,Cd81,Ptgfrn,Cpne6,2010300C02Rik,Arhgap44,Arpp21,Pcsk5,Vdac1,Clstn3,Cyth4,Sox2,Sirt2,Ushbp1,Npm1
83,Ogfrl1,Ywhah,Tenm4,Arl6ip5,Gda,Cdh2,2010300C02Rik,Foxp1,Ndufb9,Abcc5,Adap2,G0s2,Myrf,Slc7a1,Hspa8
84,Bcl11b,Atp1b1,Kalrn,Ak5,Cdh7,Sh3gl2,Cnksr2,Maged1,Rtn4,Atp2a2,Ptpn18,Hepacam,Cntn2,Myl12a,Nfix
85,Ddah1,Gde1,Nudt4,Grm1,Dbpht2,Chrna4,Wipf3,Scg2,Sept7,Rb1cc1,Irf8,Prex1,Gprc5b,Slc40a1,AY036118
86,Gm10600,Syt6,Lrfn5,Syt17,Epha5,Nampt,Tle1,Mtss1,Rpl34,Atp2b1,Lpcat2,Brinp3,Phlpp1,Ahnak,Rpl12
87,Med10,Gadd45g,Tenm2,Lingo1,Robo1,Diras2,Npy1r,Luzp2,Rpl11,Nbea,Ccl4,Rlbp1,Prex1,Ctnnb1,Tuba1b
88,Cox5a,Glul,Rorb,Adgrb2,St6galnac5,Pcdh9,Sowaha,Kif2a,Rpl39,Tra2b,Ccr5,Megf11,Aspa,Tns1,Rps28
89,Map1lc3b,Ldha,Auts2,Dgkg,Gng7,Sema5b,Epha4,Samd4,Rpl22l1,B230334C09Rik,Npc2,Kcnj10,Anln,Lsr,Rps18
90,1110008P14Rik,Arpc2,Ppm1l,Rapgef5,Sez6l,Syt11,Fam19a5,Rps24,Rps14,Mcf2l,Qk,Gm3764,Ptprz1,Pcp4l1,Nfib
91,Fxyd6,Foxp2,Arhgap32,Cygb,Cntfr,Reep1,Grm5,Nbdy,mt-Co2,Phip,Ccrl2,Npas3,Hopx,Nebl,Cd274
92,Cfl1,Eif4a1,Cntn4,Camk2n1,Sv2b,Pcdh17,Camk2d,Stard5,Pfn2,Fubp1,Rpl18a,Asrgl1,Carhsp1,Cd93,Tubb5
93,Dctn3,Clu,Prkar1b,Pnmal2,barcode4,St3gal1,Slc39a10,Thrb,Fth1,Pde4a,Ier5,Midn,Rdx,Srgn,Cox7a2l
94,Galnt9,Snap47,Gpc6,Clstn2,Dscaml1,Kcnmb4,Grm1,Zeb1,Rpl35a,Ccdc88a,Nfkbiz,Timp3,Sec11c,Kank3,Pfdn5
95,Arf5,Ppp1r1b,Tspan17,Foxg1,Fezf2,Camk2n2,Ncdn,Rnf182,Rplp1,Dmd,Clic1,Hip1,Litaf,H2-K1,Rpl19
96,Arhgap25,Prdx2,Bok,Abr,Ptp4a2,Mapk8,Pitpnm2,Fry,Rps29,C2cd5,Rps4x,Ostf1,Cers2,Col4a1,Eif3h
97,Bex2,Tmsb10,Krt12,1110032F04Rik,Psd3,Nov,Myh14,Nrn1,mt-Nd3,Bicd1,Sat1,Itpr2,Lpar1,Klf6,Isoc1
98,Neto2,Psma5,Dock4,Bok,Nr3c2,Zwint,Cpne5,Cpne4,Tubb5,Ccnt2,Ptgs1,Notch1,Mfge8,Lmo2,Utrn
99,Dtna,Btg2,Fndc5,Pcdh15,Etv1,Kcnma1,C2cd2l,Tox2,Ywhaq,Smg1,Ier3,Wscd1,5031439G07Rik,Golim4,Ebf3
100,Rell1,Psmc3,Slit2,Kcnq5,Ddn,Mtss1,R3hdm4,Podxl2,Gnas,Adgrl1,Cmtm6,Lrrn1,Cd81,Tpm4,Rpl5
101,Ywhah,Fosb,Fam126b,mt-Nd4,Stum,Kcng1,Otof,Araf,mt-Cytb,C230004F18Rik,Pde3b,Gpt2,Sema6a,Cyyr1,Kcnb2
102,Cabp1,Suclg1,Tspan5,Slc39a10,Nrxn2,Adora1,Kctd12,Ccdc136,Arf1,Tcf4,Ccl3,Emid1,Mt2,Kitl,Irf2bpl
103,Kctd1,Ubc,Pcdh15,Rgs7bp,Npr3,Mgat4c,Slc30a3,Kazn,Ptma,Rbm5,Rplp1,Ampd3,Bin1,Cd34,Ubc
104,Ptma,Vdac2,Klhdc8a,Susd4,Mef2c,Hs6st2,Mpc2,Kcnab1,Snap25,4930402H24Rik,Bcl2a1b,Cald1,Grb14,Cdkn1a,Rpl22l1
105,Sec62,Rabac1,Lcorl,Ntm,Hap1,Hs3st2,Rragd,Rgs6,Rpl30,Sorbs2,Cfh,Enpp2,Fa2h,Slc16a2,Jund
106,Mgst3,Prmt1,Cadm2,App,Tcerg1l,Bex1,Prag1,Mcc,Atp5g3,Gls,Alox5ap,Tsc22d4,Pls1,Cgnl1,Cd63
107,Snrpn,Ndufs2,Ptn,Rgs12,Pcdh19,Rcan3,Sorbs2,Ncam1,Rpl14,Garnl3,Ncf2,Hes5,Appl2,BC028528,Rps13
108,Ralyl,Cct5,Cdkl5,Lpl,Ccng1,Pamr1,Camk2a,Gm10600,Rpl23,Ank2,Cd37,Sirt2,Slc4a4,Igf1r,Tspan3
109,Chrna4,Junb,Ptprs,Rapgef2,Dpp6,Mdga2,Tpm1,Kcna6,Pebp1,Macf1,Cebpb,S100a6,Creb5,Ptn,Btf3
110,Tmem56,Psmd13,Lrrc4c,Ptms,Gap43,Brk1,Man1a2,Gabrg3,Brk1,Lrp1b,Serinc3,Bcas1,Fryl,Abhd2,1500009L16Rik
111,Atp5h,Cct8,Fhod3,Camk1d,Bhlhe22,Cpox,Rfx3,Kcnmb4,Rps23,Kcnh7,Tnfaip3,Shc4,Usp54,Apoe,Cxcl12
112,Atp6v1f,Psmc4,Syt17,Npy,Fam84b,Chga,Smad3,Tmem108,Ndn,Nfasc,Btg1,Pxdc1,Tspan15,Git2,Rpl36
113,Brk1,Tubb3,Deptor,Pcdh10,Dab1,Mindy2,Cdh7,Slc38a2,Cox5b,Kcnq2,Gngt2,Etv4,Ndrg2,Cavin2,Bex1
114,Nptx1,Cct4,Pmepa1,Sorbs2,Itgav,Slc6a11,Nrxn2,Rasgrf2,Swi5,Hook1,St3gal6,Epas1,Gna12,Ltbp4,Dusp8
115,1810037I17Rik,Psmb5,Pgbd5,Prkca,Mbnl2,Ssbp3,Kcnip4,Bcl11a,Rpl10,Kmt2e,Lcp1,Orai1,Slc44a1,Rgs5,Thrsp
116,Atp5l,Anp32a,Ptprf,mt-Co1,Chst8,Lhfpl3,Syt17,Sh3gl3,Rheb,mt-Atp8,Hpgd,Gltp,Mid1ip1,Ablim1,Eln
117,Ephb6,Arpc1a,Scube1,Cacna1g,Nrgn,Ryr3,Cox8a,Klhl32,Ldhb,Rbm39,Mpeg1,Grin3a,Prdx6,Wfdc1,Tmem163
118,Bnip3,Psmd4,Frrs1l,Magi3,Arhgef26,Vat1,Ptms,Flywch1,Rps20,Dgkh,Marcks,Ppfibp1,Cd9,Lef1,Smad1
119,Ndufa5,Egr4,Nsg2,Rtn4r,Peg3,Scg2,Arhgap32,Zwint,Sumo2,Hnrnph1,Msn,Lims2,C030029H02Rik,Ocln,Rpl6
120,Ramp1,Dctn2,Cntn5,Dusp18,Serpine2,Atp6v1a,Ppfia2,Gm11549,Dnajb6,Ptprn,Il10ra,Sulf2,Serpine2,Mfsd2a,Eif3f
121,Jup,Ndufs3,Fhl1,Rasgrf2,Trim2,Oxr1,Jsrp1,Dzank1,Elob,Kmt2a,Cd86,Lbh,Sox9,Slc30a1,Dach1
122,2900011O08Rik,Arl4d,Grm2,Cacna1e,Celf2,Rps20,Dock4,Cirbp,Rps15a,Sfpq,Rps10,Creb5,Slc7a11,Myh9,Cntnap2
123,Arpc3,Aamp,Hdac9,Bsn,Nfib,Ywhag,Limch1,Nxph1,Ndufb8,Mir124-2hg,Tgif1,Sash1,Rgma,Akap12,Eef2
124,Epb41,Pkm,Bhlhe22,Cnnm1,Abr,Elmo1,Tmem158,Shisa4,Rps27a,Srrm3,Rps11,Tns3,Efhd1,Acvrl1,Ndn
125,Sparcl1,Dnajb1,Slc4a3,Phlda3,Mbp,Thrb,Lhx2,Cntn6,Selenow,Ptk2,P2ry13,Zfp36l2,Dnajb2,Tsc22d1,Rpl38
126,Gria3,Tmem50a,Rtn4r,6430548M08Rik,Hspa12a,Neto2,Stxbp6,Rapgef3,Mllt11,Srrm2,Hexa,Cyp2j6,S100a6,Rgcc,Syndig1l
127,Kcnip3,Rprm,Atxn1,Cflar,Snhg11,Scube1,Abr,Kirrel3,Rpl26,Zcchc7,Nfe2l2,Calcrl,Tmem63a,Mal,Rpl35
128,Clvs2,Stmn4,Clstn1,Mapk3,Tmem150c,Rtn3,S100a6,Atp5g3,Atpif1,Mmp16,Itm2b,Lima1,Pdlim2,Palmd,Pkib
129,Kcnk2,Rab26,Plcxd2,Shisa9,Gabra1,Meg3,Fam19a1,Neurod6,Rpl27,Mast4,Lyn,Kank1,Fgfr3,Slfn5,Cdh4
130,Elmod1,Gstm5,Lin7a,Unc5d,Gtf2h5,Satb1,Matn2,Tmtc1,Hsp90ab1,Atp11b,F11r,Qpct,Ptma,Tpt1,Ap1s2
131,Ppp1r1b,Cct3,Snap91,Ehd3,Rasgrf1,Nipal3,Rgl1,Ctgf,Hint1,Cadm1,Grn,Nacc2,Dock10,Plat,Rpl23a
132,Sox8,Psmc1,App,Grk3,Nebl,Negr1,Bhlhe40,Pdxp,Rps15,Vps13a,Socs3,Tspan3,Hipk2,Kcnab1,Eef1g
133,Ndrg3,Zcchc18,Thrb,Rspo2,Tox2,Pfdn4,Fgf13,Tmx4,Itm2c,Scn8a,Mcl1,Cav1,Plpp3,Cavin1,Gm42418
134,Mllt11,Pgam1,Rmst,Blnk,Tmsb4x,Tmem91,Hmbs,B230209E15Rik,Usmg5,Ranbp2,Rps24,Itgav,Ntsr2,Cd2ap,Rps15a
135,Rabac1,Scg5,Chn2,Rasgef1a,Kras,B230209E15Rik,Ddn,Sla2,Rpl37a,AC149090.1,Icam1,Cntn1,Epb41l2,S100a13,Tuba1a
136,Ap2s1,Psmc5,Napb,C2cd2l,Pid1,Ppm1e,Ccbe1,Scn2b,Rprml,Chuk,Prkcd,Mdk,Plekhb1,Slc16a1,Srsf3
137,Camk4,Psmb2,Camk2a,Ddn,Ajap1,Pcsk5,Actn1,Akap7,Ndufb10,Srek1,Il1a,3632451O06Rik,4930402H24Rik,Slc16a4,Ank3
138,Atp2b1,Myl12b,Lhx2,Acvr1c,Ppargc1a,Ptprg,Mef2c,Kctd4,Cox8a,Cadps,Lag3,Ugdh,Sema6d,Fli1,Rps7
139,Ina,Gap43,Cobl,Bace1,Ankrd34b,Mien1,Nwd2,Scg3,Rps19,A230057D06Rik,Rpl18,Ugt8a,Olig2,Rras,Cct3
140,Ensa,Tuba4a,Bsn,Nrn1,Ina,Sulf1,Elk1,Senp7,Ndufab1,Dclk1,Rpl13,Klhl5,Tprkb,Myo10,Atxn10
141,Cox5b,Hs3st4,Kcnip4,Tmem178b,Ntrk3,Polr2m,Ppp1r12a,Pdk1,Selenok,Bcl11a,Rhoh,Gal3st1,Pou3f1,Rbpms,Ubxn1
142,Adcy1,Ywhaq,Tmem178b,Fam126b,Tmeff1,Usp29,Rbm24,Rbp4,Cisd1,Syne1,Bin2,Mpzl1,Cdc42ep2,Slc38a3,Trmt112
143,Rab3a,Ndufa9,Pou3f2,Arl15,Trpc5,Prrt3,Il1rapl1,Rassf3,Rpl17,Mdga2,Entpd1,Cst3,2310022B05Rik,Slc3a2,Mid1ip1
144,Pomp,Psmb4,Ywhag,Slc4a3,Zfp462,Epb41l1,Lzts3,Mdh1,Ube2b,Tacc1,Rps3,Prrx1,Rhog,Arl4a,Ptov1
145,Psmb10,Psmb7,Celf4,Nsf,Mfsd4a,Mef2a,Grin2b,Trpc3,Mrfap1,Adam23,Ifngr1,Limd1,Tmem229a,Uaca,Lhx2
146,Camk2g,Mgst3,Cacng3,Tom1l2,Nrip1,Nrxn1,Igfbp2,Ttc3,Nme1,Tspoap1,Rpl30,Rev3l,Slc48a1,Fgd5,Rpl28
147,Chgb,Ptov1,Ttc39b,Slc30a3,Uqcr11,Dpysl5,Mapk3,Uap1,Btf3,Serinc1,Btg2,Susd5,Mat2a,Arpc1b,Hnrnpa1
148,Tagln3,Jun,Sorl1,Ncdn,Cntnap2,1700019D03Rik,Aplp1,Cntnap5a,Rpl8,Pcdh9,Ucp2,Gm26802,Foxn3,Slc9a3r2,Gnai2
149,Glul,Ier2,Cspg5,Dner,Wasf1,Tmem178,Nos1,Tox,AY036118,Trim9,Cd68,Gpm6b,Luzp2,St8sia4,Ppia
150,Rasgrp1,Crip2,Gabra2,Fbxo21,Slc12a5,Gsg1l,Pnisr,Fut9,Gabarapl2,Ftl1-ps1,Csf3r,Cnp,Tmem125,Pdgfb,Ddx5
151,Scg3,Ctsl,Ywhaz,Sntb2,Gria1,Cntnap4,C1ql3,Mtcl1,Rps12,Csmd2,Fgd2,Mfge8,Gja1,Ostf1,Rpl34
152,Kcnk1,Rrp1,Coch,St6galnac5,Arid5b,Tenm1,Sipa1l1,Slc38a1,Atp5d,Akap8l,Cttnbp2nl,Nkx2-2,Bpgm,Parvb,Unc119
153,Sel1l3,Vsnl1,Ap3m2,Fkbp1a,Ntm,Fstl1,Mgat5,Stmn1,Cbx3,Jun,H3f3b,Spry4,Fam107a,Wwtr1,Lmo2
154,Myl6,Myl6,Nlgn1,Slc26a4,Fam19a2,Selenom,Ntrk3,Spop,Prdx1,Nrxn1,Rcsd1,Lamp1,Gstm7,Jam2,Clk1
155,Gria2,Ndufc2,Osbp2,Gpm6b,Stt3b,Slc17a7,Serp2,Tle4,Cpe,Csnk1a1,Junb,Snx22,Frmd4b,Sypl,Hsp90ab1
156,Chp1,Ndufa10,Dpysl2,Mgat3,Megf9,Slc17a6,Dbpht2,A2ml1,Scg5,Leng8,Evi2a,Map3k1,S1pr1,Hmcn1,Pou6f2
157,Glra2,Ncald,Rnf144a,Osr1,Nt5dc3,Elavl4,Slc16a2,Pak1,Rps18,Ccnl1,Cd52,Car8,Cpox,Itih5,Cct8
158,Grik3,Ly6h,Pip5k1c,Tle3,Eno2,Clic5,Gm10419,Usp29,Rbx1,Celf1,Fyb,Rrbp1,Hapln2,Gpcpd1,Ankrd35
159,Ube2ql1,Ola1,Rgs4,Rasgrf1,Srgap3,Nrp2,Fth1,Ube3a,Dynlrb1,Ccnl2,Pou2f2,Selenos,Abca2,Cxcl12,Txndc15
160,Cdc42,Ociad1,Syngr1,Fgf10,Galnt16,Diras1,Med21,Tpbg,Bsg,Slc20a1,Rpl7,Abca1,Gpr37l1,Cnn2,Slc25a4
161,Ankrd63,Bcap31,Ptprk,Etv6,Map1a,Gfra1,Slc4a3,AW551984,Atp5f1,Adcy1,Cyfip1,Plppr5,Lgi3,Qk,Rsrp1
162,Etv5,Hprt,Osbpl1a,Uqcr11,Scn1b,Scoc,Gpr22,Wscd1,Snrpn,Tardbp,Rpl35a,Ankrd11,Otud7b,Ly6e,Cetn3
163,Mctp1,Cntnap4,Phactr3,Banp,St6galnac3,Sema5a,Srgap3,Tmem159,Hmgb1,Adgrb2,Stab1,Arsb,Gab1,4931406P16Rik,Laptm4a
164,Calm1,Arl6ip1,Rap1gap2,Chn1,Rhbdl3,Ssbp2,Gstm7,Gprasp1,Arf5,Lsamp,Rpl23,Marcksl1,Efcab14,Ece1,Ubb
165,Dnm3,Laptm4a,Arhgef25,Galnt16,mt-Co1,Pak3,Dgkb,Chrm2,Uqcrh,Rapgef6,Slc16a6,Abhd17b,Npc1,Rgs12,Rpl4
166,Uqcrb,Csnk2b,Nebl,Sdc3,Khdrbs2,Spop,Enc1,Amigo2,Rps16,Tnrc6c,Tmcc3,Chpt1,Desi1,Rasip1,Rbms1
167,Me3,Ddah1,Serf2,S100a6,Tpbg,Enah,Nectin1,Coro6,Ldha,Atp8a1,Adgrg1,Rab31,Hist1h2bc,Klhl5,Snhg12
168,Lynx1,Gpi1,Arpp19,Wscd1,Stk39,Pdzd2,Plppr3,Kremen1,Uqcrb,Tmem63b,Rpl10,Pou3f3,Trim59,Esyt2,Rplp2
169,Sebox,Ogfrl1,Crhr1,Cacna1b,Pcdh7,Ivns1abp,Tmem47,Abat,Ndufa13,Thoc2,Man2b1,Ptpre,Lamp1,Cav1,Tsn
170,Igfbp4,Cfl1,Marcksl1,Nabp1,Scn1a,Prune2,Vldlr,Epha5,Crym,Bclaf1,Dusp1,Mid1ip1,Ftl1,Rflnb,Rpl27
171,Npdc1,Bsg,Fam81a,Ppm1h,Ppm1e,Pcp4,Rgs2,Cdc5l,Sumo1,Grin2b,Tnf,Mageh1,Pou3f3,Hspa1b,Tnrc6a
172,Ndfip2,H2afy,Ttll7,Chpt1,Cox7c,Chd3,Cyp46a1,Sema5a,Ly6h,Nrxn3,Pycard,Cnn3,Npas3,Eogt,Homer2
173,Atp2a2,Cct2,Cap2,Atp6v1a,Gucy1b1,Mllt11,Rab40b,Dusp5,Rps17,Peg3,Slc1a3,Usp24,Slc38a2,Gatm,Tgoln1
174,Atp5d,Psma2,Gda,Smad3,Rgl1,Ndrg1,Chd4,Morf4l1,Atp5j2,Hnrnpl,Ikzf1,Nav1,Bcan,Itpkb,Ier3ip1
175,Klf9,Cd47,Fras1,Vstm2b,Glra3,Atp8a2,Arl6ip5,Iscu,Park7,Psap,Eef1a1,Chst2,Gltp,Serinc3,Mtss1
176,Ndst1,Psmd12,Camk2n2,Drd1,C1ql3,Slc39a6,Dact2,Spats2l,Gnb1,Far1,Cmtm7,Tmcc3,Arhgap5,Reep3,Cd200
177,Fkbp3,Retreg1,Dgkz,Slc16a2,Tspan13,Abat,Slc12a5,Fam19a5,mt-Nd2,Slc6a6,Picalm,Gsap,Magt1,Nos3,Epha3
178,Spon1,Fam49b,Bnip3l,Ptgs2,Rspo3,Gprasp2,Adgrl3,Zcchc18,mt-Nd4,Atp6v0a1,Pmepa1,Gm13889,Tgfa,S100a16,Oaz1
179,Bri3,Adrm1,Ntng1,Grin3a,Dgkg,Nhsl2,Nsg1,Spock3,Chchd2,Raph1,Rack1,Rhoc,Prr18,Tgfbr2,Rbms3
180,Ube2b,Rab3a,Ndst3,Rps6ka5,Gm3764,Osbpl3,Stum,Sox4,Dctn3,Srsf5,Tgfbr2,Tubb2b,Grin2c,Sipa1,5330417C22Rik
181,Txn1,Psmd8,Gng4,Actn1,Thy1,Atp2a2,Rps6ka2,Pak3,Got1,Tnik,Ctsc,Ggh,Dbx2,Cnr1,Rps25
182,Stmn3,Emc4,D430041D05Rik,Ipo5,Ctbp2,Map4k3,Cdh4,Oaz1,Calm3,Stxbp5l,Rpl21,Myt1,Car14,Il10rb,Rps15
183,Asap2,Cpe,Prmt8,Cox8a,Grm5,Dzank1,Mras,Rps27a,Vapa,Pde4d,Rps29,Rab34,Endod1,Afap1l1,Thsd7b
184,Mapk10,Cfdp1,Atp8a1,Cbx6,Rap2a,Nfib,Trpc6,Chl1,Rpl28,Atp1a1,Snx5,Abhd2,Gjb6,Kif26a,Clic1
185,Rala,Eif4a2,Cacna1i,Dgkz,Rimklb,2610001J05Rik,Thra,Pnkd,Eif5a,BC005537,Vamp8,Cpne2,Fbxo7,Pttg1ip,Cited2
186,Scp2,Capza2,Ypel2,Cadps,Fkbp1a,B3glct,Pde4b,Inpp5f,Tpi1,Lrrc7,Dock10,Gnai2,Slc27a1,Tshz2,Zfp467
187,Slc35f1,Rheb,Wnt7b,Man1c1,Wnt5a,AI504432,Fam19a2,Crtac1,H2afz,Pi4ka,Eef1d,Reep3,Pde8a,Abcc4,Ctnnb1
188,Hsp90ab1,Tceal5,Trpc5,Gm12027,Tanc1,Fam168a,Agfg2,Stxbp2,Hsp90aa1,Zfp638,Rpl12,Mro,Slc7a10,Unc5c,Irf2bp2
189,Arap2,Lamp1,Hivep3,Erc2,Camk2b,Cxxc4,Cyld,Pfdn2,Cox6b1,Atp2c1,Pag1,Trib2,Serinc5,Ifitm2,Cdkn1c
190,Rbm3,Uchl3,Nol4,Gucy1a1,Ncdn,Spata13,Zfp462,Trh,Rpsa,Lrfn5,Jun,Kcnip3,Tril,Rasgrp3,Rtraf
191,Rheb,Ssb,Eif4g2,Brinp2,Doc2b,Atp2b4,Tmem191c,Ndufa11,Ndufb5,Ddx17,Rpl39,Fam89a,Tnfaip6,Arhgap29,Gprasp2
192,Brd9,Gsta4,Lsamp,Gse1,Sorcs1,Tmem132a,Schip1,Kcnt2,Prdx5,Scai,Rps14,Dscam,Leng8,Anxa3,Atraid
193,Sdk2,Prpf19,Cacna1b,Cyp46a1,Wfs1,Zyg11b,Neurod1,Efnb3,Fkbp3,Sltm,Rps16,Fam181b,Wscd1,Tmem123,Cxxc4
194,Cisd1,Dap3,Nrxn2,Cdh4,Sobp,Sec24d,Homer2,Gsta4,Scoc,Strn3,Rps20,Tmco3,Rnf130,Pllp,Id4
195,Gpx4,Ran,Cyfip2,Clmp,Ctnna2,Cidea,Itgb8,B630019K06Rik,Atp5g1,Ephb6,Tmem176b,Adcyap1r1,Edil3,Akap13,Lhx1
196,Ckb,Psma3,Rasal2,Creg2,Gucy1a1,Tspyl4,Akap5,Limch1,Hprt,Chd9,Rps23,Metrn,Aldoc,Cck,Rbm3
197,Polr2f,Flot1,Agfg1,Wbp2,Itpka,Efr3a,Sez6l2,Gpx1,Rps21,Nin,Jund,Mif4gd,Zfp36l1,Polk,Emx2
198,Dad1,Hagh,Reps2,Ldb2,Nrcam,Fnbp1l,Extl2,Hjurp,Crip2,Zranb2,Srgap2,Vgll4,Chd7,Gbp7,Tcp11l2
199,Hpcal4,Vmp1,Zfp365,Rpl41,Bend5,Lancl3,Prkca,Sparcl1,Rpl7a,Madd,Cd14,Cuedc1,Chst2,Cd59a,Clstn2
