"","x"
"1","Plp1"
"2","C1qb"
"3","Ptgds"
"4","C1qa"
"5","Tshz2"
"6","Cplx3"
"7","Cst3"
"8","Npy"
"9","Cldn5"
"10","C1qc"
"11","Ccl4"
"12","Pbld1"
"13","Myl4"
"14","Flt1"
"15","Ptgs2"
"16","Gm13889"
"17","Zfp36"
"18","Cx3cr1"
"19","Olig1"
"20","Dlk1"
"21","Klf2"
"22","Apoe"
"23","Mal"
"24","Lypd1"
"25","Nr4a2"
"26","Atf3"
"27","Sparc"
"28","Etv1"
"29","Slco1a4"
"30","Cyr61"
"31","Pou3f1"
"32","Stxbp6"
"33","Cck"
"34","Ccl3"
"35","Pdgfra"
"36","Selenop"
"37","Aldh1a3"
"38","Egr4"
"39","Synpr"
"40","Nnat"
"41","Arl4d"
"42","Ptprz1"
"43","Tyrobp"
"44","Ndnf"
"45","Bdnf"
"46","Marcksl1"
"47","Csf1r"
"48","S100a6"
"49","Hspb1"
"50","Slc1a3"
"51","Gadd45g"
"52","Pltp"
"53","Gadd45b"
"54","Gpr17"
"55","P2ry12"
"56","Trem2"
"57","Ctss"
"58","Gm45833"
"59","Gm10635"
"60","Rgs5"
"61","C1ql3"
"62","Htr2c"
"63","Hspa1a"
"64","Adamts1"
"65","Atp1a2"
"66","Reln"
"67","Rab3c"
"68","Ly6c1"
"69","Fcer1g"
"70","Nptxr"
"71","Rprm"
"72","Laptm5"
"73","Hexb"
"74","Pdyn"
"75","Nfkbia"
"76","Rorb"
"77","Itm2a"
"78","Calb1"
"79","Rxfp1"
"80","Tnf"
"81","Defb1"
"82","Vip"
"83","S100a16"
"84","Tac1"
"85","Ctgf"
"86","Fam19a1"
"87","Btg2"
"88","Gpr88"
"89","Ctla2a"
"90","Ptn"
"91","Calb2"
"92","Ighm"
"93","Cnr1"
"94","C1ql1"
"95","Ly6a"
"96","Vtn"
"97","Igfbp4"
"98","Npas4"
"99","Bc1"
"100","Olig2"
"101","Scg2"
"102","Grp"
"103","Cux2"
"104","Gja1"
"105","Sox4"
"106","Nrn1"
"107","Sox9"
"108","Gad1"
"109","Gad2"
"110","Apod"
"111","Zfp36l1"
"112","Cldn11"
"113","Neat1"
"114","Tmem119"
"115","Nefm"
"116","Deptor"
"117","Gm26737"
"118","Junb"
"119","Ermn"
"120","Dnajb1"
"121","Ifit1"
"122","Nos1"
"123","Serpine2"
"124","Nptx2"
"125","Slamf1"
"126","Dusp1"
"127","Gm26772"
"128","Adgrf5"
"129","Egr2"
"130","Tnnc1"
"131","Tubb2a"
"132","Ntng1"
"133","Gm15124"
"134","Ifi27l2a"
"135","Alcam"
"136","Slco1c1"
"137","Fos"
"138","Cenpf"
"139","Car2"
"140","Olfr1369-ps1"
"141","Hspa8"
"142","Tuba1a"
"143","Gm40518"
"144","Ccnb1"
"145","Loxl2"
"146","AC160336.1"
"147","Dcn"
"148","S100b"
"149","AC163720.3"
"150","Selplg"
"151","Defb42"
"152","Igfbp6"
"153","Matn4"
"154","Adgrl4"
"155","Trf"
"156","Klf4"
"157","Lpl"
"158","Gpr34"
"159","Id1"
"160","Tiparp"
"161","Cd9"
"162","Moxd1"
"163","Oprk1"
"164","Mafb"
"165","Bcan"
"166","Slc24a3"
"167","Olfr889"
"168","Cnp"
"169","Slc30a3"
"170","Rgs4"
"171","Opalin"
"172","Il1b"
"173","Ier2"
"174","Nr4a1"
"175","Atp13a5"
"176","Fcrls"
"177","Slc6a1"
"178","Itih5"
"179","Rcan2"
"180","Ddah1"
"181","Cryab"
"182","Timp2"
"183","Mog"
"184","P2rx4"
"185","Camk2n1"
"186","Fn1"
"187","Tac2"
"188","Gapdh"
"189","Lamp5"
"190","Sst"
"191","Sostdc1"
"192","Bhlhe22"
"193","Ifitm3"
"194","Cbln2"
"195","Camk2d"
"196","Vstm2l"
"197","Stum"
"198","Epas1"
"199","Ntm"
"200","Hs3st4"
"201","Cxcl14"
"202","Adcyap1"
"203","Sgk1"
"204","Ndn"
"205","Mfge8"
"206","Slc7a11"
"207","Arc"
"208","Cdkn1c"
"209","Bcas1"
"210","Clic4"
"211","Dgkb"
"212","Ccdc3"
"213","Cdh5"
"214","Sema5a"
"215","Epha4"
"216","Plpp3"
"217","Pcp4"
"218","Gm29666"
"219","Egr3"
"220","Ccrl2"
"221","Siglech"
"222","S1pr1"
"223","Ppp1r14a"
"224","Hist1h4i"
"225","Gm26762"
"226","Gm45184"
"227","B230312C02Rik"
"228","Itgb5"
"229","Cxcl10"
"230","Dlx6os1"
"231","Ednrb"
"232","Ly86"
"233","Ubb"
"234","Higd1b"
"235","Emilin1"
"236","Id3"
"237","Cplx2"
"238","Grik1"
"239","Gm16222"
"240","Slc17a8"
"241","Rora"
"242","Txnip"
"243","Grin3a"
"244","Syt17"
"245","Il1a"
"246","Rgs10"
"247","Nts"
"248","Gm10827"
"249","Gng11"
"250","Ptcra"
"251","Cartpt"
"252","Nrsn1"
"253","S100a3"
"254","Dner"
"255","Il33"
"256","Gjb6"
"257","Krt12"
"258","A830036E02Rik"
"259","Trp53i11"
"260","A2ml1"
"261","Nr4a3"
"262","Abcb1a"
"263","Cpne4"
"264","Camk2n2"
"265","Crh"
"266","Zbtb20"
"267","Crym"
"268","Gm26710"
"269","Rasgrf2"
"270","S100a13"
"271","Bhlhe40"
"272","Mest"
"273","Krt80"
"274","Rmst"
"275","Fosb"
"276","Caprin2"
"277","Tubb4b"
"278","Rasl10a"
"279","Cdh13"
"280","Vsir"
"281","Rab3b"
"282","Foxp2"
"283","Nxph3"
"284","Sorcs3"
"285","Slc1a2"
"286","Thsd7a"
"287","Hist1h2ac"
"288","Acvr1c"
"289","Alkal2"
"290","Atp1b2"
"291","Apold1"
"292","S100a1"
"293","Cd24a"
"294","Mef2c"
"295","Dqx1"
"296","Necab1"
"297","Slc24a2"
"298","Nxph1"
"299","Fst"
"300","Crybb1"
"301","Arhgap31"
"302","Nectin3"
"303","Tnfaip2"
"304","Nectin1"
"305","Pitpnc1"
"306","Nkx6-2"
"307","Nr2f2"
"308","Dusp6"
"309","Utrn"
"310","A530076I17Rik"
"311","Hspa1b"
"312","Tagap"
"313","Pkib"
"314","Penk"
"315","Plcb4"
"316","Nfia"
"317","Tm4sf1"
"318","Adamts2"
"319","Pcp4l1"
"320","Ccl2"
"321","Hrh3"
"322","Nrip3"
"323","Hmbs"
"324","Gpr37l1"
"325","Rwdd2a"
"326","Cxcl12"
"327","Rspo1"
"328","Lmo1"
"329","Cspg4"
"330","Tnfaip6"
"331","Fosl2"
"332","Hsp90ab1"
"333","Wwox"
"334","Mgp"
"335","Scn7a"
"336","Hist4h4"
"337","Fam3c"
"338","Fkbp6"
"339","Slc22a8"
"340","Hpcal1"
"341","Lhx2"
"342","Bcl2a1b"
"343","Gm48610"
"344","Cyba"
"345","Nwd2"
"346","Sema3c"
"347","Tesc"
"348","Trbc2"
"349","C030029H02Rik"
"350","Cryzl2"
"351","Rimbp2"
"352","Htr2a"
"353","Vegfd"
"354","Rgs2"
"355","Rnf152"
"356","Ccnd1"
"357","Dio3"
"358","Spp1"
"359","Kcnab1"
"360","Pcdh8"
"361","Il11ra1"
"362","Ldhb"
"363","Gabra2"
"364","Plcxd2"
"365","Itga1"
"366","Trh"
"367","Gdf15"
"368","Mdh1"
"369","Cd74"
"370","Sccpdh"
"371","Ptprt"
"372","Ifi27"
"373","Serpine1"
"374","Cited2"
"375","Nes"
"376","Peg10"
"377","Nxph4"
"378","Vim"
"379","Bok"
"380","Tmsb10"
"381","Dkkl1"
"382","8430408G22Rik"
"383","C1ql2"
"384","Npy2r"
"385","Rgs1"
"386","Gm26802"
"387","Dnajc21"
"388","Ajap1"
"389","Srgap3"
"390","Pllp"
"391","Car10"
"392","Hist1h1c"
"393","R3hdm1"
"394","Wnt4"
"395","Fat3"
"396","Cntnap5a"
"397","Ccl12"
"398","Syt6"
"399","Ripply3"
"400","Tmem100"
"401","Ifitm1"
"402","Nhlh2"
"403","Wfs1"
"404","Pld5"
"405","Cpne7"
"406","Edil3"
"407","Vcan"
"408","Neu4"
"409","Gm15879"
"410","Myl9"
"411","Arhgap36"
"412","Sox6"
"413","Pdgfrb"
"414","Sod3"
"415","Fabp7"
"416","Mbp"
"417","Wls"
"418","Parm1"
"419","Cd300c2"
"420","Luzp2"
"421","Ebf1"
"422","Olfr1423"
"423","Vat1l"
"424","Cald1"
"425","Icam1"
"426","Trp73"
"427","Clec2d"
"428","Ckb"
"429","Chn2"
"430","Uchl1"
"431","Cpne5"
"432","Cd52"
"433","Lsp1"
"434","Pcdh19"
"435","Gpr83"
"436","Aspa"
"437","Vgf"
"438","Itm2b"
"439","Kctd12"
"440","Tcap"
"441","Gjc3"
"442","Edn1"
"443","Gm765"
"444","Rapgef5"
"445","Tek"
"446","Col12a1"
"447","Fcgr3"
"448","Gm42418"
"449","Rgcc"
"450","Hist1h1d"
"451","Gfra1"
"452","Slc5a5"
"453","Mag"
"454","Kcnj8"
"455","Pde1c"
"456","Kcnip1"
"457","Slco2a1"
"458","Gm12280"
"459","Inhba"
"460","9630013A20Rik"
"461","Ppp1r1b"
"462","Ctxn3"
"463","Scrg1"
"464","Jun"
"465","Glul"
"466","Hpca"
"467","Rasl11a"
"468","Scube1"
"469","Ddit4l"
"470","Chgb"
"471","Cyyr1"
"472","Prdm8"
"473","Jsrp1"
"474","Cyp26b1"
"475","Robo2"
"476","Pcdh7"
"477","Lancl3"
"478","4732419C18Rik"
"479","Ncf1"
"480","Wfdc18"
"481","Camk2a"
"482","Olfm3"
"483","Itgam"
"484","Irgm1"
"485","Kdr"
"486","Nid1"
"487","Cbln4"
"488","Ptgfrn"
"489","6430548M08Rik"
"490","Trhr"
"491","Lyz2"
"492","Aqp4"
"493","Pcdh15"
"494","Pnoc"
"495","Pln"
"496","Dio2"
"497","Calca"
"498","Prom1"
"499","Ppp1r15a"
"500","Coch"
"501","Vcam1"
"502","Lhx1"
"503","Efna5"
"504","Ccdc63"
"505","Meis2"
"506","Fam84a"
"507","Lhx1os"
"508","Xlr5a"
"509","Gm49016"
"510","Id4"
"511","Plxnd1"
"512","Arhgef40"
"513","Gm39377"
"514","Ccdc141"
"515","Cdkn1a"
"516","Timp3"
"517","Prss43"
"518","Rpl39l"
"519","Rec114"
"520","Atp5b"
"521","Slc25a4"
"522","H2-K1"
"523","Maf"
"524","Dmkn"
"525","Abi3bp"
"526","Igfbp7"
"527","Pex5l"
"528","Tle4"
"529","Ptprk"
"530","Kcnq3"
"531","Plxna4"
"532","Kcna2"
"533","Dgkk"
"534","Sebox"
"535","Hist2h4"
"536","Fam46a"
"537","Gm45069"
"538","Trib1"
"539","Olfr279"
"540","Bmp4"
"541","Bmp2"
"542","Zdbf2"
"543","Bcl11b"
"544","Npnt"
"545","Crim1"
"546","Gadd45a"
"547","Dusp2"
"548","Crip1"
"549","Tmem88b"
"550","Hsp90aa1"
"551","Shisa6"
"552","Auts2"
"553","Tenm4"
"554","Pdlim2"
"555","Mirt1"
"556","Kcnb2"
"557","Kcng1"
"558","Urah"
"559","Nrep"
"560","Efhd2"
"561","Cnih3"
"562","Tgfbr1"
"563","Pcdhb7"
"564","Ubc"
"565","Twist1"
"566","Rsad2"
"567","Ly6d"
"568","Gucy1a1"
"569","Col23a1"
"570","Zcchc12"
"571","Cox4i2"
"572","Srgn"
"573","Enpp2"
"574","St6galnac5"
"575","Susd5"
"576","Gatm"
"577","Rims3"
"578","Spock3"
"579","Epb41l2"
"580","Otud1"
"581","Bcl6"
"582","Foxd1"
"583","Slc2a13"
"584","Adamts18"
"585","Egr1"
"586","Kcnk2"
"587","2900060B14Rik"
"588","Rlbp1"
"589","Adarb2"
"590","Fam83a"
"591","Tril"
"592","Anxa3"
"593","3110035E14Rik"
"594","Galnt14"
"595","A330069E16Rik"
"596","Psma4"
"597","Gpc6"
"598","Slc16a9"
"599","Sp100"
"600","Lcorl"
"601","Nppc"
"602","Nr2f1"
"603","Ltc4s"
"604","Spi1"
"605","Kctd4"
"606","Cpne9"
"607","Cd53"
"608","Nkx2-2"
"609","Rtn4rl1"
"610","Myh11"
"611","Medag"
"612","Ptpn18"
"613","Pld4"
"614","Tubb5"
"615","AC149090.1"
"616","Nrgn"
"617","Mdh2"
"618","Psmc2"
"619","Aldoc"
"620","Neurl3"
"621","Tecr"
"622","Hist1h2bc"
"623","Pou3f2"
"624","Mndal"
"625","Kit"
"626","Ncald"
"627","Ndst3"
"628","Cd86"
"629","Krtap28-13"
"630","Psmd6"
"631","BC030499"
"632","Ccnd2"
"633","Cdc42ep3"
"634","Fdps"
"635","Man1a"
"636","Ptprf"
"637","Sdc4"
"638","Lef1"
"639","Nell1"
"640","Rgs12"
"641","Abcc9"
"642","Uqcrc2"
"643","Syt4"
"644","Vstm2b"
"645","Gm17056"
"646","Klhdc8a"
"647","Erbb4"
"648","Gm13075"
"649","Cdh6"
"650","Pecam1"
"651","Actb"
"652","Crispld2"
"653","Fras1"
"654","Spata31d1a"
"655","Col1a2"
"656","Spon1"
"657","Ebf3"
"658","Slc6a13"
"659","AI593442"
"660","B930036N10Rik"
"661","Cnr2"
"662","Galnt15"
"663","Nt5dc2"
"664","Sorl1"
"665","Nefl"
"666","Mgat5"
"667","Tenm2"
"668","Hapln1"
"669","Phkg1"
"670","Fam19a2"
"671","Ptpn7"
"672","Fgfr2"
"673","Rcsd1"
"674","Nfkbiz"
"675","Tagln3"
"676","Ctsl"
"677","Onecut2"
"678","Ier3"
"679","Sla"
"680","Gngt2"
"681","Igfbp2"
"682","Retn"
"683","C730034F03Rik"
"684","Phlda1"
"685","Tc2n"
"686","Sat1"
"687","Nfe2l2"
"688","Enc1"
"689","Cmip"
"690","Tie1"
"691","Tcerg1l"
"692","Cd63"
"693","Gm44812"
"694","1190002N15Rik"
"695","Igfn1"
"696","Olfml3"
"697","Adap2"
"698","Gbp3"
"699","Igfbp5"
"700","A730065G17Rik"
"701","Caln1"
"702","Gjb2"
"703","Gfra2"
"704","Gm12758"
"705","Fancd2"
"706","D16Ertd472e"
"707","Blnk"
"708","Ndrg1"
"709","Bfsp2"
"710","Tmem91"
"711","Nov"
"712","Sall1"
"713","Fcgrt"
"714","Gm9946"
"715","Zfp703"
"716","Fam84b"
"717","Unc5d"
"718","Igsf3"
"719","Lims2"
"720","Sox17"
"721","Pcdh11x"
"722","Spag16"
"723","Slc13a4"
"724","Mobp"
"725","Mertk"
"726","Bgn"
"727","Sulf1"
"728","AI849053"
"729","Unc13c"
"730","Arpp21"
"731","Lgals1"
"732","Grhl2"
"733","Rbfox1"
"734","Pim3"
"735","Aebp1"
"736","1700034P13Rik"
"737","Slc25a5"
"738","Slc25a20"
"739","Csrp2"
"740","Ighg2c"
"741","Col25a1"
"742","Emcn"
"743","Cd33"
"744","Alox8"
"745","Slc17a6"
"746","Icam2"
"747","Cxcl2"
"748","Pid1"
"749","Msn"
"750","Tmem178b"
"751","Rgs16"
"752","Tlr2"
"753","Fbxo33"
"754","Gm26917"
"755","Grin2c"
"756","Lsr"
"757","Sema3e"
"758","Wnt5a"
"759","Swt1"
"760","Hcrtr2"
"761","Necab2"
"762","Gnal"
"763","Ina"
"764","Tmem176a"
"765","Gm26720"
"766","Klhdc8b"
"767","Bmp3"
"768","Slc5a7"
"769","Atp6ap2"
"770","Dkk3"
"771","Cadps2"
"772","Gprc5b"
"773","Ramp3"
"774","Rph3a"
"775","Csrp1"
"776","Uqcrc1"
"777","Syn2"
"778","9530036O11Rik"
"779","Mylk"
"780","Foxp1"
"781","Cdh4"
"782","Cavin1"
"783","Zfhx4"
"784","Enpep"
"785","Kcnip4"
"786","Myh7"
"787","Resp18"
"788","Unc93b1"
"789","Gm48678"
"790","Cct7"
"791","Cfh"
"792","Fndc5"
"793","Hist1h4d"
"794","Ptchd4"
"795","Cpne6"
"796","Pde3a"
"797","Pgm2l1"
"798","Nfib"
"799","Slc16a2"
"800","Serpini1"
"801","Vwc2"
"802","Car4"
"803","Hs3st2"
"804","Cmtm5"
"805","Plk4"
"806","AU021092"
"807","Nlk"
"808","Slc38a3"
"809","Kcnc2"
"810","Fam126a"
"811","Camk4"
"812","Hlf"
"813","Tmem176b"
"814","Gnb4"
"815","Ptafr"
"816","Nav1"
"817","Tmeff1"
"818","Adora1"
"819","Cdh10"
"820","Brinp3"
"821","F13a1"
"822","Adcyap1r1"
"823","Alpl"
"824","Mcam"
"825","Atp12a"
"826","Klf14"
"827","Galnt17"
"828","Gm26730"
"829","Egln3"
"830","Col6a1"
"831","C130073E24Rik"
"832","Neurod1"
"833","2900055J20Rik"
"834","Cux1"
"835","Smoc2"
"836","Glra2"
"837","Unc5c"
"838","Ccdc96"
"839","Ugt8a"
"840","Slc39a10"
"841","Aldh3b1"
"842","Ucma"
"843","Foxq1"
"844","Tpbg"
"845","Tuba1b"
"846","Tgif1"
"847","Ranbp2"
"848","Prox1"
"849","Cort"
"850","Prss12"
"851","Wscd1"
"852","Garnl3"
"853","Sertm1"
"854","Arl5b"
"855","Tenm3"
"856","Tmem47"
"857","Ccr5"
"858","Gm47423"
"859","Gpnmb"
"860","Carmn"
"861","Tnfaip3"
"862","Lhx6"
"863","H2-Eb1"
"864","Mpeg1"
"865","Lag3"
"866","Tubb2b"
"867","Lmo3"
"868","Sycp3"
"869","Mt1"
"870","Mgat4c"
"871","Fmo1"
"872","Slit2"
"873","Cntnap2"
"874","Prdx1"
"875","Pantr1"
"876","S100a10"
"877","Lynx1"
"878","Nrp2"
"879","Ndufv1"
"880","Clic5"
"881","Lcp1"
"882","Foxc1"
"883","Lsamp"
"884","Milr1"
"885","Gpx3"
"886","Gm38134"
"887","Ctsd"
"888","Vwc2l"
"889","Ptprc"
"890","Rnase4"
"891","Hmcn1"
"892","Thbs1"
"893","Sox2"
"894","Acan"
"895","Nptx1"
"896","Ckmt1"
"897","Chrnb3"
"898","Sv2c"
"899","Prr5l"
"900","Tcim"
"901","Crabp1"
"902","AC140186.1"
"903","Creb5"
"904","Foxo1"
"905","Hdac9"
"906","Cpne8"
"907","Cd93"
"908","Tpm2"
"909","Cenpn"
"910","Gda"
"911","Sparcl1"
"912","Gpr183"
"913","Zic1"
"914","Ppm1l"
"915","Grm2"
"916","Cwc25"
"917","Gem"
"918","Klhl13"
"919","Rasgrp3"
"920","Sulf2"
"921","Kctd1"
"922","Ifi44"
"923","Lum"
"924","Sphkap"
"925","Rmi2"
"926","Padi6"
"927","Sik2"
"928","Ccdc12"
"929","Wnt7b"
"930","Slc2a1"
"931","Fa2h"
"932","Lypd6"
"933","Cyth2"
"934","Notch1"
"935","Ppm1n"
"936","Slc25a3"
"937","Cplx1"
"938","Tns1"
"939","Ctsh"
"940","Nrsn2"
"941","Fjx1"
"942","Fezf2"
"943","Daam2"
"944","Calm1"
"945","Ikzf2"
"946","Hist1h2bh"
"947","Htra1"
"948","Bin2"
"949","Homer2"
"950","Gm47136"
"951","Hs6st2"
"952","Pcdhb8"
"953","Dmrta2os"
"954","Clec1b"
"955","Eno1"
"956","Hpgd"
"957","Ngb"
"958","Fam71a"
"959","H2-Ab1"
"960","Lmo4"
"961","Gstm1"
"962","5031425F14Rik"
"963","Ciart"
"964","Tagln"
"965","Pla2g16"
"966","Tmem163"
"967","Neb"
"968","Nsf"
"969","Atxn10"
"970","Cd14"
"971","Npy1r"
"972","Mgst3"
"973","Nodal"
"974","Lilra5"
"975","Clu"
"976","Pam"
"977","Cflar"
"978","Nyap2"
"979","Atp2b4"
"980","Tmem178"
"981","Megf11"
"982","Taldo1"
"983","Nos1ap"
"984","Clmn"
"985","Tubb3"
"986","Glra3"
"987","Slc6a17"
"988","Kcnh5"
"989","Col5a2"
"990","Satb1"
"991","Aif1"
"992","Trpc5"
"993","Btg1"
"994","Zfhx3"
"995","Nlrp3"
"996","Psmb3"
"997","Pappa2"
"998","Gng4"
"999","Cntnap4"
"1000","Rassf3"
"1001","Kcnq1ot1"
"1002","Tmem255a"
"1003","6030408B16Rik"
"1004","Mir670hg"
"1005","Syt1"
"1006","Bcl2"
"1007","Pou6f2"
"1008","Lingo1"
"1009","Il1rapl2"
"1010","Cntn4"
"1011","Ddah2"
"1012","Kcne4"
"1013","Sema3d"
"1014","Ptprb"
"1015","Sstr2"
"1016","Hpse"
"1017","Stk32c"
"1018","Dock4"
"1019","Adgrg6"
"1020","Aldoa"
"1021","Wipf3"
"1022","Myh14"
"1023","Plcxd3"
"1024","Sall3"
"1025","Fbxl18"
"1026","Sertad1"
"1027","Dbpht2"
"1028","Rgs8"
"1029","Dusp5"
"1030","Fstl5"
"1031","Cacna2d2"
"1032","Zic5"
"1033","Clmp"
"1034","Adrb1"
"1035","Cd37"
"1036","Clic1"
"1037","Syne1"
"1038","Mecom"
"1039","Plekha2"
"1040","Hpcal4"
"1041","Tcf7l2"
"1042","Ncam2"
"1043","Acta2"
"1044","Thsd4"
"1045","BC028528"
"1046","Hes5"
"1047","Olfm1"
"1048","1700020I14Rik"
"1049","Aspn"
"1050","Xlr3a"
"1051","Il10ra"
"1052","Cygb"
"1053","Nabp1"
"1054","Gsg1l"
"1055","Rbpms"
"1056","Gm10837"
"1057","Pirt"
"1058","Doc2b"
"1059","Sema5b"
"1060","Xlr3b"
"1061","Nkapl"
"1062","Rhou"
"1063","Prss23"
"1064","Btbd3"
"1065","Cd84"
"1066","Ano3"
"1067","Fgfr3"
"1068","Cuedc2"
"1069","Stard8"
"1070","Psmd14"
"1071","Htr1b"
"1072","Zfp36l2"
"1073","Atoh7"
"1074","Fgf11"
"1075","Slc6a11"
"1076","Cd83"
"1077","Spats2l"
"1078","Sdhb"
"1079","Slco2b1"
"1080","Fhl1"
"1081","Elavl2"
"1082","Wdcp"
"1083","Gsta4"
"1084","Wisp1"
"1085","Arg1"
"1086","Plat"
"1087","Tns3"
"1088","A830029E22Rik"
"1089","Lmo2"
"1090","Irs2"
"1091","Kirrel3"
"1092","Socs3"
"1093","Cd79b"
"1094","Slc16a1"
"1095","Gm10600"
"1096","Zbtb18"
"1097","Frrs1l"
"1098","Arhgef26"
"1099","C2cd4b"
"1100","Cd44"
"1101","Ttc9b"
"1102","Psmb5"
"1103","Mfsd2a"
"1104","Fam46c"
"1105","Ppa1"
"1106","Rasl11b"
"1107","Cxcl1"
"1108","Dkk2"
"1109","Bsn"
"1110","Sorcs1"
"1111","Ctsz"
"1112","Tusc3"
"1113","Rhoh"
"1114","Zmat4"
"1115","Psmb1"
"1116","Drd2"
"1117","Irx1"
"1118","Tmem196"
"1119","Cacna2d3"
"1120","Gabra1"
"1121","Psma6"
"1122","Slc7a10"
"1123","Pcdh17"
"1124","Gm36823"
"1125","Arpc3"
"1126","Spty2d1"
"1127","Herc6"
"1128","Rgs7bp"
"1129","Cd69"
"1130","Edaradd"
"1131","Gm45768"
"1132","Gcnt2"
"1133","Lipg"
"1134","Slc38a5"
"1135","Cacng4"
"1136","Tle3"
"1137","Zfp462"
"1138","Adra1b"
"1139","Napb"
"1140","Grik3"
"1141","Cdk2ap1"
"1142","Thrb"
"1143","Lhfpl3"
"1144","Kcnq5"
"1145","Matn2"
"1146","Tbc1d1"
"1147","Cdc42ep5"
"1148","Cdh8"
"1149","Id2"
"1150","Pde10a"
"1151","Pdlim3"
"1152","Tgfb1"
"1153","Gm29773"
"1154","Isg15"
"1155","Gm10605"
"1156","Nudt4"
"1157","Cidea"
"1158","Plekhb1"
"1159","Cadm2"
"1160","C130074G19Rik"
"1161","Rell1"
"1162","Otof"
"1163","Pde1a"
"1164","Atp5f1"
"1165","Susd3"
"1166","Itm2c"
"1167","Ttc28"
"1168","Tyr"
"1169","Fstl1"
"1170","P2ry13"
"1171","Prss35"
"1172","Rabac1"
"1173","Hes1"
"1174","Car8"
"1175","Hrk"
"1176","Igkc"
"1177","Ptprm"
"1178","1110008P14Rik"
"1179","Cct8"
"1180","Ikzf1"
"1181","Psmb6"
"1182","Kitl"
"1183","Gal"
"1184","Fli1"
"1185","Arhgap15"
"1186","Cyth4"
"1187","Car12"
"1188","Palmd"
"1189","Cacna1g"
"1190","Adcy1"
"1191","Inf2"
"1192","Cdc25c"
"1193","Col1a1"
"1194","Fam212b"
"1195","Olfr78"
"1196","Tspan17"
"1197","Mapk3"
"1198","C230004F18Rik"
"1199","Ier5"
"1200","Fmr1nb"
"1201","Serpinb1a"
"1202","6430573F11Rik"
"1203","Ecscr"
"1204","Zfp488"
"1205","Fam43a"
"1206","Lair1"
"1207","Gpr139"
"1208","Hmgcs1"
"1209","Rtn1"
"1210","Rgs18"
"1211","Fmo2"
"1212","Grpr"
"1213","Gm26857"
"1214","Gm12511"
"1215","Trim63"
"1216","Gm4070"
"1217","Aqp9"
"1218","Cd300ld"
"1219","Esm1"
"1220","Gm2245"
"1221","Ly6g6f"
"1222","A330094K24Rik"
"1223","Gm26995"
"1224","Gm28051"
"1225","Ccdc185"
"1226","1700016H03Rik"
"1227","9930111J21Rik2"
"1228","Rtn4r"
"1229","Klf5"
"1230","Klf9"
"1231","Sp6"
"1232","Evc2"
"1233","Rspo2"
"1234","Osm"
"1235","Homer1"
"1236","Dbp"
"1237","Epha7"
"1238","Lhfp"
"1239","5330416C01Rik"
"1240","Rasd1"
"1241","Tbx3os1"
"1242","Cdkn2a"
"1243","D030055H07Rik"
"1244","Gm10425"
"1245","Aldh2"
"1246","Fut9"
"1247","Rab6b"
"1248","Rraga"
"1249","Nebl"
"1250","Spata13"
"1251","Chst8"
"1252","Ildr2"
"1253","Sox8"
"1254","Prag1"
"1255","Adam33"
"1256","Etv6"
"1257","Camkk1"
"1258","Mapk4"
"1259","Adgre5"
"1260","Tbx3"
"1261","Ankrd33b"
"1262","Retreg1"
"1263","Ndufs3"
"1264","Mup5"
"1265","Egflam"
"1266","Adgre1"
"1267","Tnnt2"
"1268","Lypd6b"
"1269","Eng"
"1270","Prss22"
"1271","Ccdc80"
"1272","Zbtb16"
"1273","Efnb2"
"1274","4833422C13Rik"
"1275","Clstn2"
"1276","Lin7a"
"1277","Cyp4f15"
"1278","Ntrk2"
"1279","Diras2"
"1280","Pcdhb17"
"1281","Chst11"
"1282","Ccl27a"
"1283","Gm36266"
"1284","Mgll"
"1285","Ahi1"
"1286","Fez1"
"1287","Sept7"
"1288","Pgk1"
"1289","Osr1"
"1290","Cdh12"
"1291","H2-T23"
"1292","Lingo2"
"1293","Abra"
"1294","Ankrd63"
"1295","Rrad"
"1296","Cct3"
"1297","Itga6"
"1298","Zfp941"
"1299","Bmp7"
"1300","Gm42743"
"1301","A830009L08Rik"
"1302","Cdh7"
"1303","Dusp18"
"1304","Prkca"
"1305","Cxxc4"
"1306","Adamtsl1"
"1307","Thrsp"
"1308","Camkk2"
"1309","Gm32647"
"1310","Cct5"
"1311","Caly"
"1312","Adra2a"
"1313","Gstm5"
"1314","B3glct"
"1315","Abca8a"
"1316","Oxr1"
"1317","Zfpm2"
"1318","Nnmt"
"1319","Arhgap25"
"1320","Fbxl7"
"1321","Csf3r"
"1322","Map1b"
"1323","Etnk2"
"1324","Rab26"
"1325","Matn1"
"1326","Fbxw7"
"1327","Atxn1"
"1328","Trim2"
"1329","Ccdc85a"
"1330","Ucp2"
"1331","Pcdhb22"
"1332","Syngr1"
"1333","Psma5"
"1334","Igf1"
"1335","Rreb1"
"1336","Emx2"
"1337","Neto2"
"1338","Sdk2"
"1339","Trpc6"
"1340","Xlr4b"
"1341","Fam167b"
"1342","Gm19410"
"1343","St8sia2"
"1344","Dach1"
"1345","Ppia"
"1346","Gpr22"
"1347","Krt2"
"1348","Avp"
"1349","Zcchc24"
"1350","Cacng3"
"1351","Grm1"
"1352","Arhgap30"
"1353","Hepacam"
"1354","Gm15594"
"1355","Calcrl"
"1356","Fbln1"
"1357","Rspo3"
"1358","Pcsk1"
"1359","Robo4"
"1360","Trabd2b"
"1361","Itpka"
"1362","Prmt1"
"1363","Efnb3"
"1364","Aox1"
"1365","Asb4"
"1366","Hk2"
"1367","Phlda3"
"1368","Ngef"
"1369","Rbp4"
"1370","Nupr1"
"1371","Nbl1"
"1372","Pak1"
"1373","Scg3"
"1374","Cntn5"
"1375","Ttc39b"
"1376","Etv5"
"1377","Acox3"
"1378","C5ar2"
"1379","Pvalb"
"1380","1500009L16Rik"
"1381","Gm5441"
"1382","Caskin2"
"1383","Crhr1"
"1384","Cd34"
"1385","Asic4"
"1386","Tshz1"
"1387","Bmp6"
"1388","Tspan5"
"1389","Pmepa1"
"1390","Gm7568"
"1391","Emd"
"1392","Atp2b2"
"1393","Psmb2"
"1394","Ccbe1"
"1395","Hap1"
"1396","Dnm3"
"1397","Ddit4"
"1398","Zfp536"
"1399","Txnl1"
"1400","Vsnl1"
"1401","Phactr2"
"1402","Cdh9"
"1403","Sox11"
"1404","Lgmn"
"1405","Cd164"
"1406","Tuba4a"
"1407","4930523C07Rik"
"1408","Gata2"
"1409","Pou3f3"
"1410","Robo3"
"1411","Gsx1"
"1412","Igfbp3"
"1413","Rbms1"
"1414","Fam107a"
"1415","Arsj"
"1416","Pnck"
"1417","Npr3"
"1418","Qk"
"1419","Rhbdl3"
"1420","2900097C17Rik"
"1421","Per1"
"1422","Rprml"
"1423","Gng5"
"1424","Sox10"
"1425","Tox"
"1426","Vat1"
"1427","Mylip"
"1428","Slc4a3"
"1429","Grin2b"
"1430","Fgd2"
"1431","Pdzrn4"
"1432","Cct4"
"1433","Gm30648"
"1434","Trhde"
"1435","Suclg1"
"1436","Itpkb"
"1437","Ptgs2os2"
"1438","Acpp"
"1439","Smad7"
"1440","Cacna1h"
"1441","Lfng"
"1442","Gm40893"
"1443","Ascl1"
"1444","Pcdhb13"
"1445","Galnt7"
"1446","Rap1gds1"
"1447","Lilr4b"
"1448","AL626769.1"
"1449","Cbln1"
"1450","Fam126b"
"1451","Pgbd5"
"1452","AC163018.1"
"1453","Epha10"
"1454","Pdp1"
"1455","Nfe2l3"
"1456","P4ha1"
"1457","Syndig1"
"1458","Kcnip2"
"1459","Gm12027"
"1460","Plcl1"
"1461","Rapgef3"
"1462","Sla2"
"1463","Chrm2"
"1464","Dlx2"
"1465","Wasf3"
"1466","Col27a1"
"1467","Gnas"
"1468","Alb"
"1469","3830403N18Rik"
"1470","Nrp1"
"1471","Gm32051"
"1472","Paqr8"
"1473","Thbs2"
"1474","Pgm5"
"1475","Lamc3"
"1476","Tmem154"
"1477","Gsta2"
"1478","Spry2"
"1479","Slc25a18"
"1480","Plch2"
"1481","Gap43"
"1482","Txndc11"
"1483","Slc25a22"
"1484","Kcnip3"
"1485","3110079O15Rik"
"1486","Dnaja1"
"1487","Plxdc2"
"1488","C1qtnf4"
"1489","Tanc1"
"1490","Gm8369"
"1491","Edn3"
"1492","Lhx5"
"1493","Iigp1"
"1494","Rgs13"
"1495","Gmfg"
"1496","Pgam2"
"1497","Atp5a1"
"1498","Klf6"
"1499","Limk1"
"1500","Midn"
"1501","Hspb8"
"1502","Prdx4"
"1503","Ppfia2"
"1504","Cap2"
"1505","Ccdc138"
"1506","Clec18a"
"1507","Lsmem1"
"1508","Lrrtm4"
"1509","Ldlr"
"1510","Ncl"
"1511","Olfm4"
"1512","Itga4"
"1513","Psmc4"
"1514","Nell2"
"1515","Ndufa9"
"1516","Arl6ip1"
"1517","Zfp366"
"1518","Ptpre"
"1519","Fbxo2"
"1520","Prex1"
"1521","Ifi204"
"1522","En2"
"1523","Gvin1"
"1524","Mlkl"
"1525","Ccr4"
"1526","Gm609"
"1527","Lrrc31"
"1528","Gm28187"
"1529","Cytip"
"1530","C030018K13Rik"
"1531","Erg"
"1532","Ms4a7"
"1533","5830468F06Rik"
"1534","AC122413.2"
"1535","Gm31406"
"1536","Gm2832"
"1537","Mctp1"
"1538","Psmc3"
"1539","Pfkl"
"1540","Got1"
"1541","Dock2"
"1542","Lrrtm1"
"1543","Crtac1"
"1544","5930412G12Rik"
"1545","Glipr1"
"1546","Srarp"
"1547","Kcnv1"
"1548","Amotl1"
"1549","Sept4"
"1550","Runx1"
"1551","Otx1"
"1552","Elavl4"
"1553","Fam102b"
"1554","Rnf144a"
"1555","Gde1"
"1556","Trib2"
"1557","Kcna1"
"1558","Enpp6"
"1559","Gstm7"
"1560","Sort1"
"1561","Pou3f4"
"1562","Slc26a1"
"1563","Lrrtm2"
"1564","D430019H16Rik"
"1565","Pdzrn3"
"1566","Adm"
"1567","Chrdl1"
"1568","Kcnb1"
"1569","Ets1"
"1570","Tppp3"
"1571","Nlgn1"
"1572","Dpp6"
"1573","Mgat3"
"1574","Arhgap32"
"1575","6030419C18Rik"
"1576","Trpc3"
"1577","D030034A15Rik"
"1578","Mpped1"
"1579","mt-Atp8"
"1580","Prkcb"
"1581","Fgfr1"
"1582","Ramp2"
"1583","Ccng1"
"1584","Cacna1i"
"1585","Stmn1"
"1586","Plxnb3"
"1587","Emc4"
"1588","Prmt8"
"1589","Ppm1h"
"1590","Man1c1"
"1591","Tacr3"
"1592","Fgf10"
"1593","Ifrd1"
"1594","Ces1d"
"1595","Chga"
"1596","Stxbp2"
"1597","Tmtc1"
"1598","Eya4"
"1599","Steap2"
"1600","Epb41"
"1601","Adgra1"
"1602","Creg2"
"1603","Gdf10"
"1604","St3gal1"
"1605","Rnd3"
"1606","Brip1"
"1607","Nrxn3"
"1608","Dab2"
"1609","Fam181b"
"1610","Htr1f"
"1611","Rbm24"
"1612","Pea15a"
"1613","Hhatl"
"1614","Gng12"
"1615","Pdia6"
"1616","Tmem245"
"1617","Colq"
"1618","Ppp3ca"
"1619","Ar"
"1620","Asns"
"1621","Gjb1"
"1622","Gm29674"
"1623","Cd47"
"1624","Apbb1ip"
"1625","Ipcef1"
"1626","Npas3"
"1627","H2-D1"
"1628","Col5a1"
"1629","Adcy7"
"1630","Ogfrl1"
"1631","Slc26a4"
"1632","Pcolce"
"1633","Fign"
"1634","Whrn"
"1635","Syt11"
"1636","Galntl6"
"1637","Hopx"
"1638","Gm11549"
"1639","Dclk1"
"1640","Psmb4"
"1641","Esam"
"1642","Sntb2"
"1643","Ndrg2"
"1644","Vldlr"
"1645","Fam110b"
"1646","Cmtm8"
"1647","Dscaml1"
"1648","Irf8"
"1649","Anp32a"
"1650","Arpp19"
"1651","Basp1"
"1652","Cpa6"
"1653","Tenm1"
"1654","B3galt2"
"1655","Mro"
"1656","Akap13"
"1657","B2m"
"1658","Synj1"
"1659","Svil"
"1660","Adcy10"
"1661","Kcnh7"
"1662","Anln"
"1663","Oasl2"
"1664","Cavin3"
"1665","Gm47033"
"1666","Sntb1"
"1667","Fhod3"
"1668","Pde4d"
"1669","Kcnj5"
"1670","Megf10"
"1671","Nim1k"
"1672","5033406O09Rik"
"1673","Hcn1"
"1674","Agl"
"1675","Gm2694"
"1676","Tmem108"
"1677","Grasp"
"1678","Gprin3"
"1679","Usp46"
"1680","Gm47283"
"1681","Nap1l5"
"1682","Zeb2"
"1683","Thsd7b"
"1684","Dlx1"
"1685","Dnajc5"
"1686","Lrrc4c"
"1687","Tmem173"
"1688","Rai14"
"1689","Pdlim1"
"1690","Rac2"
"1691","Actg1"
"1692","Lrrc55"
"1693","Slc36a2"
"1694","AI504432"
"1695","Kazald1"
"1696","Kl"
"1697","Magi3"
"1698","Schip1"
"1699","Rgma"
"1700","Usp6nl"
"1701","Maob"
"1702","Snap47"
"1703","Brinp2"
"1704","Lsm11"
"1705","Ndufs2"
"1706","Ppp1r1a"
"1707","Prkcd"
"1708","Rxrg"
"1709","Rflnb"
"1710","Dbi"
"1711","Dcdc2a"
"1712","Cryba4"
"1713","Egfr"
"1714","Itgb8"
"1715","Rassf9"
"1716","Chst2"
"1717","Pik3cg"
"1718","Slc4a4"
"1719","Drd1"
"1720","Hpgds"
"1721","Psmd13"
"1722","Mob3b"
"1723","Csf2rb"
"1724","Ifitm2"
"1725","Slc32a1"
"1726","Fbl"
"1727","Rcan3"
"1728","Adamts13"
"1729","Gm12371"
"1730","Nrip1"
"1731","Cdc42ep1"
"1732","Rep15"
"1733","Ehd3"
"1734","Etl4"
"1735","Chrna4"
"1736","Gm34466"
"1737","Nkain3"
"1738","Arxes1"
"1739","Shc4"
"1740","Hapln4"
"1741","Rilpl1"
"1742","AW112010"
"1743","Tmem44"
"1744","Ldha"
"1745","Fam19a5"
"1746","Syndig1l"
"1747","Evi2a"
"1748","Cd81"
"1749","Bicc1"
"1750","Pdlim5"
"1751","Pcdhb14"
"1752","Kif1b"
"1753","Gimap6"
"1754","Plk5"
"1755","Ankrd34b"
"1756","Idi1"
"1757","Lmtk2"
"1758","Elmo1"
"1759","Atad2"
"1760","Celf4"
"1761","Plekho2"
"1762","Xlr4a"
"1763","Foxf2"
"1764","Bend7"
"1765","Gm15261"
"1766","Negr1"
"1767","Cp"
"1768","Smad3"
"1769","Knl1"
"1770","Nat8f6"
"1771","Greb1"
"1772","Dkk1"
"1773","Plek"
"1774","B3gnt5"
"1775","Gm14133"
"1776","Fgf16"
"1777","Gm9889"
"1778","Pax5"
"1779","Pappa"
"1780","Oas2"
"1781","Gm20083"
"1782","Gm30075"
"1783","Gm45805"
"1784","Gm21154"
"1785","Cnmd"
"1786","Gm4675"
"1787","Ccl5"
"1788","Gm48767"
"1789","Gm45623"
"1790","Gm17210"
"1791","Sis"
"1792","Slc38a11"
"1793","P2ry6"
"1794","1700047M11Rik"
"1795","Masp1"
"1796","Tmem215"
"1797","Dleu7"
"1798","Grm5"
"1799","Gnao1"
"1800","Jup"
"1801","Angpt1"
"1802","Sorbs2"
"1803","Kcnh1"
"1804","Cckbr"
"1805","Agap1"
"1806","Trim34a"
"1807","Mkrn3"
"1808","Trpm1"
"1809","Tbr1"
"1810","Mzb1"
"1811","Erbb3"
"1812","Casp4"
"1813","Arhgef25"
"1814","Flot1"
"1815","Msmo1"
"1816","Pafah1b1"
"1817","AW551984"
"1818","Vwf"
"1819","Lpgat1"
"1820","Unc5a"
"1821","Sec14l1"
"1822","Sema4g"
"1823","Phldb2"
"1824","Ndufc2"
"1825","Cx3cl1"
"1826","Pycr2"
"1827","Disp2"
"1828","Tmem59"
"1829","Phyhipl"
"1830","B230344G16Rik"
"1831","Ddn"
"1832","Gm45163"
"1833","Plxna2"
"1834","Brca1"
"1835","Zic2"
"1836","Crhbp"
"1837","Smoc1"
"1838","Tppp"
"1839","Prrx1"
"1840","D430041D05Rik"
"1841","Samd5"
"1842","Itgav"
"1843","Pcdh20"
"1844","Myh3"
"1845","Stmn2"
"1846","Serpina3n"
"1847","Rala"
"1848","Tcn2"
"1849","Sox21"
"1850","Cacna1b"
"1851","Slc11a1"
"1852","1110032F04Rik"
"1853","Gkn1"
"1854","3100002H09Rik"
"1855","Pcsk5"
"1856","Syt7"
"1857","Luzp1"
"1858","Fbxl16"
"1859","1700019D03Rik"
"1860","Gm45159"
"1861","Fibin"
"1862","Dusp14"
"1863","Arap2"
"1864","Malat1"
"1865","Atp5c1"
"1866","Ch25h"
"1867","Akap7"
"1868","Tmem200a"
"1869","D730045A05Rik"
"1870","Spry1"
"1871","Nol4"
"1872","Efhd1"
"1873","Prrg1"
"1874","Stk17b"
"1875","Hgf"
"1876","Synm"
"1877","Kif3a"
"1878","Ppargc1a"
"1879","Pitpnm2"
"1880","Crip2"
"1881","Mn1"
"1882","Gabra5"
"1883","Exph5"
"1884","Cct2"
"1885","Car5a"
"1886","Prtn3"
"1887","Zdhhc2"
"1888","Adh5"
"1889","Gpr26"
"1890","Pcdhb6"
"1891","Cd300a"
"1892","Tgm2"
"1893","Prkar1b"
"1894","Kctd8"
"1895","Pcdhb5"
"1896","Arl15"
"1897","Peg3"
"1898","D830025C05Rik"
"1899","Rasgef1c"
"1900","Pcdhb19"
"1901","Vgll3"
"1902","Lrrk1"
"1903","Prdx2"
"1904","Tchh"
"1905","Lgi3"
"1906","Gm13021"
"1907","Wnt10a"
"1908","Chd5"
"1909","Cadm3"
"1910","Vstm2a"
"1911","Zeb1"
"1912","Hspa5"
"1913","Gm14419"
"1914","Tnfsf10"
"1915","Gm42756"
"1916","4933411E02Rik"
"1917","Acvrl1"
"1918","Tmem150c"
"1919","Samd4"
"1920","Myo1b"
"1921","Nkiras1"
"1922","Itgb2"
"1923","Tnr"
"1924","Ptprs"
"1925","C5ar1"
"1926","Cebpa"
"1927","Csnk2b"
"1928","Npas1"
"1929","Ranbp3l"
"1930","Cd36"
"1931","Pcdhb3"
"1932","Ncf2"
"1933","Gm26782"
"1934","Mkx"
"1935","Trim30d"
"1936","Ctsb"
"1937","Pamr1"
"1938","Rab27b"
"1939","Echdc2"
"1940","Dlgap1"
"1941","Vgll2"
"1942","Lamc2"
"1943","Cldn10"
"1944","Ier5l"
"1945","Epha5"
"1946","Zic4"
"1947","F11r"
"1948","Gnb2"
"1949","Ppfibp1"
"1950","Ccl9"
"1951","She"
"1952","Anxa2"
"1953","Chrm3"
"1954","Camk1d"
"1955","Eva1a"
"1956","Ddc"
"1957","Ak5"
"1958","Ryr3"
"1959","Serpinb8"
"1960","Pcdhb9"
"1961","C730002L08Rik"
"1962","Macf1"
"1963","Prpf19"
"1964","Maml3"
"1965","Tle1"
"1966","Hspa12a"
"1967","Cd302"
"1968","Vdac3"
"1969","Pcgf2"
"1970","Nipal3"
"1971","Tmem40"
"1972","Hist2h3c1"
"1973","Kcnn2"
"1974","Rfx4"
"1975","Coq10b"
"1976","Tsc22d1"
"1977","Kcnj10"
"1978","Limch1"
"1979","Gm28578"
"1980","Slitrk4"
"1981","Cbx6"
"1982","Tpm1"
"1983","C3ar1"
"1984","Chml"
"1985","Ptgs1"
"1986","Hexim1"
"1987","Kank1"
"1988","Abracl"
"1989","Gm45441"
"1990","App"
"1991","Cobll1"
"1992","Psmd4"
"1993","Gm26562"
"1994","1700012B09Rik"
"1995","Prkce"
